task,rf_features,n_features,n_test,f1,roc_auc,scope_only_logreg_auc,rf_minus_scope_only_logreg_auc
late_closure,full,8,786,0.5617529880478087,0.7051904546823247,0.5296484492622704,0.17554200542005427
late_closure,planning_only,4,786,0.5875486381322957,0.7058152664859981,0.5296484492622704,0.17616681722372773
late_closure,history_only,5,786,0.3774403470715835,0.6254554351099068,0.5296484492622704,0.09580698584763636
late_closure,no_project,7,786,0.5421686746987951,0.6961758506473953,0.5296484492622704,0.1665274013851249
late_closure,no_scope,6,786,0.5776031434184676,0.6899766636555255,0.5296484492622704,0.16032821439325506
spillover,full,8,511,0.8748564867967853,0.8523393904707398,0.8849978537702103,-0.03265846329947053
spillover,planning_only,4,511,0.8436018957345972,0.8711546716268421,0.8849978537702103,-0.013843182143368216
spillover,history_only,5,511,0.8824188129899216,0.6357132637001002,0.8849978537702103,-0.24928459007011017
spillover,no_project,7,511,0.850412249705536,0.8660037201316353,0.8849978537702103,-0.01899413363857505
spillover,no_scope,6,511,0.88268156424581,0.6523107740735443,0.8849978537702103,-0.23268707969666602
