task,model,role,n_train,n_test,positive_rate,precision,recall,f1,roc_auc,pr_auc,brier,training_time_seconds,size_description,n_parameters,pickled_kb,n
late_closure,always_positive,baseline,1816,786,0.31297709923664124,0.31297709923664124,1.0,0.47674418604651164,0.5,,,0.0,no fitted model,0,0.0,
late_closure,heuristic,baseline,1816,786,0.31297709923664124,0.328,0.8333333333333334,0.4707233065442021,,,,0.0,no fitted model,0,0.0,786.0
late_closure,scope_only_logreg,baseline,1816,786,0.31297709923664124,0.4034090909090909,0.2886178861788618,0.33649289099526064,0.5296484492622704,0.37313040960903887,0.2438323264713403,0.005324270999949476,4 coefficients,4,1.8,786.0
late_closure,logreg,learned,1816,786,0.31297709923664124,0.45161290322580644,0.45528455284552843,0.4534412955465587,0.6355916892502258,0.4014124066391794,0.23977612442597201,0.00808426799994777,16 coefficients,16,2.8,786.0
late_closure,random_forest,learned,1816,786,0.31297709923664124,0.55078125,0.573170731707317,0.5617529880478087,0.7051904546823247,0.4575168854573402,0.2231695374686279,0.43888988799994877,300 trees / 15374 nodes,15374,1297.4,786.0
spillover,always_positive,baseline,1180,511,0.9432485322896281,0.9432485322896281,1.0,0.9707955689828801,0.5,,,0.0,no fitted model,0,0.0,
spillover,heuristic,baseline,1180,511,0.9432485322896281,0.9556541019955654,0.8941908713692946,0.9239013933547695,,,,0.0,no fitted model,0,0.0,511.0
spillover,scope_only_logreg,baseline,1180,511,0.9432485322896281,1.0,0.533195020746888,0.6955345060893099,0.8849978537702103,0.9924792756087113,0.22963623892663218,0.006135653999990609,4 coefficients,4,1.8,511.0
spillover,logreg,learned,1180,511,0.9432485322896281,0.9804560260586319,0.6244813278008299,0.7629911280101395,0.8288739447703534,0.987538474086521,0.20482560810694375,0.01217121899992435,16 coefficients,16,2.8,511.0
spillover,random_forest,learned,1180,511,0.9432485322896281,0.9794344473007712,0.7904564315352697,0.8748564867967853,0.8523393904707398,0.9896891844642914,0.13582106546179407,0.35569206699994993,300 trees / 10308 nodes,10308,901.6,511.0
